開始日,終了日,セール分類
2022-09-24,2022-09-26,MDE
2022-10-30,2022-11-01,MDE
2022-11-25,2022-12-01,ビッグセール
2023-01-03,2023-01-07,MDE
2023-02-02,2023-02-05,MDE
2023-03-02,2023-03-06,MDE
2023-03-31,2023-04-02,MDE
2023-04-22,2023-04-25,MDE
2023-06-01,2023-06-04,MDE
2023-07-09,2023-07-10,ビッグセールのアーリー
2023-07-11,2023-07-12,ビッグセール
2023-09-01,2023-09-04,MDE
2023-09-19,2023-09-25,MDE
2023-10-14,2023-10-15,ビッグセール
2023-11-22,2023-11-23,ビッグセールのアーリー
2023-11-24,2023-12-01,ビッグセール
2023-12-16,2023-12-18,MDE
2024-01-03,2024-01-07,MDE
2024-02-01,2024-02-04,MDE
2024-03-01,2024-03-05,MDE
2024-03-29,2024-04-01,MDE
2024-04-19,2024-04-22,MDE
2024-05-31,2024-06-03,MDE
2024-07-11,2024-07-15,ビッグセールのアーリー
2024-07-16,2024-07-17,ビッグセール
2024-08-29,2024-09-04,MDE
2024-10-17,2024-10-18,ビッグセールのアーリー
2024-10-19,2024-10-20,ビッグセール
2024-11-04,2024-11-12,MDE
2024-11-27,2024-11-28,ビッグセールのアーリー
2024-11-29,2024-12-06,ビッグセール
2024-12-14,2024-12-16,MDE
2025-01-03,2025-01-07,MDE
2025-01-31,2025-02-03,MDE
2025-02-28,2025-03-04,MDE
2025-03-28,2025-04-01,MDE
2025-04-18,2025-04-21,MDE
2025-05-30,2025-06-02,MDE
2025-07-08,2025-07-10,ビッグセールのアーリー
2025-07-11,2025-07-14,ビッグセール
2025-08-22,2025-08-28,MDE
2025-08-29,2025-09-04,MDE
2025-10-04,2025-10-06,ビッグセールのアーリー
2025-10-07,2025-10-10,ビッグセール
2025-11-04,2025-11-12,MDE
2025-11-21,2025-11-23,ビッグセールのアーリー
2025-11-24,2025-12-01,ビッグセール
2025-12-16,2025-12-20,MDE
2026-01-03,2026-01-07,MDE
2026-01-27,2026-02-02,MDE
2026-03-03,2026-03-09,MDE
2026-03-31,2026-04-06,MDE
2026-04-24,2026-04-30,MDE
2026-05-27,2026-06-02,MDE
2026-08-28,2026-09-03,MDE
2026-10-26,2026-11-03,MDE
